student_id,study_hours,attendance,prev_score,sleep_hours,final_score,attendance_band,grade,result
1001,6.3,88.9,75.0,5.5,71.5,75-90%,A,Pass
1002,3.8,56.7,57.0,7.8,55.3,<60%,B,Pass
1003,6.9,76.8,64.4,8.4,68.4,75-90%,B,Pass
1004,5.7,75.7,31.1,8.5,54.9,75-90%,C,Pass
1005,1.2,92.9,46.1,8.9,47.8,90-100%,C,Pass
1006,7.8,73.1,56.5,8.9,77.1,60-75%,A,Pass
1007,6.2,69.3,47.1,8.8,66.6,60-75%,B,Pass
1008,6.4,82.0,68.6,4.4,66.4,75-90%,B,Pass
1009,1.5,63.3,84.0,4.7,57.4,60-75%,B,Pass
1010,3.9,57.0,45.9,5.5,47.2,<60%,C,Pass
1011,3.3,73.9,50.0,6.8,55.4,60-75%,B,Pass
1012,7.5,70.8,62.8,4.5,72.7,60-75%,A,Pass
1013,5.3,61.6,79.3,8.2,65.3,60-75%,B,Pass
1014,6.7,68.4,45.3,7.1,63.7,60-75%,B,Pass
1015,3.8,68.3,63.0,6.7,60.1,60-75%,B,Pass
1016,2.2,66.4,81.9,4.8,59.2,60-75%,B,Pass
1017,4.7,69.0,40.2,5.3,52.8,60-75%,C,Pass
1018,1.0,84.3,44.6,4.8,47.4,75-90%,C,Pass
1019,6.7,64.8,54.9,8.3,72.7,60-75%,A,Pass
1020,5.2,97.4,53.8,6.9,64.8,90-100%,B,Pass
1021,6.2,95.8,69.8,7.7,79.0,90-100%,A,Pass
1022,3.2,74.0,62.9,5.5,63.7,60-75%,B,Pass
1023,7.8,66.4,38.7,5.9,73.8,60-75%,A,Pass
1024,7.2,76.8,66.2,6.0,69.8,75-90%,B,Pass
1025,6.3,92.4,53.1,7.8,66.4,90-100%,B,Pass
1026,2.0,82.6,75.3,7.9,64.4,75-90%,B,Pass
1027,4.0,90.2,52.5,5.0,53.5,90-100%,C,Pass
1028,0.8,76.6,52.4,8.7,39.9,75-90%,F,Fail
1029,1.7,81.6,66.5,4.6,49.4,75-90%,C,Pass
1030,5.6,64.4,69.2,6.5,70.9,60-75%,A,Pass
1031,6.1,86.7,65.4,4.5,69.7,75-90%,B,Pass
1032,7.8,60.1,39.8,5.3,62.3,60-75%,B,Pass
1033,2.9,84.7,66.5,6.5,57.0,75-90%,B,Pass
1034,3.3,93.0,47.6,4.9,50.5,90-100%,C,Pass
1035,4.0,56.6,62.8,6.1,53.6,<60%,C,Pass
1036,1.9,80.7,42.9,6.2,54.2,75-90%,C,Pass
1037,1.5,54.8,65.4,5.2,47.8,<60%,C,Pass
1038,4.1,86.3,50.3,7.6,62.4,75-90%,B,Pass
1039,2.2,76.19999999999999,44.6,8.3,42.7,75-90%,C,Pass
1040,5.5,96.8,68.6,8.4,72.6,90-100%,A,Pass
1041,3.8,56.9,62.9,5.7,53.2,<60%,C,Pass
1042,6.7,97.9,52.6,6.7,61.0,90-100%,B,Pass
1043,5.8,90.0,77.4,5.2,68.6,75-90%,B,Pass
1044,2.8,79.7,54.7,5.2,44.8,75-90%,C,Pass
1045,6.7,89.1,60.4,4.8,62.5,75-90%,B,Pass
1046,6.5,89.8,63.2,8.7,70.1,75-90%,A,Pass
1047,3.4,97.3,52.6,8.4,64.3,90-100%,B,Pass
1048,2.7,62.7,65.7,7.9,54.9,60-75%,C,Pass
1049,5.6,79.5,53.6,6.6,69.6,75-90%,B,Pass
1050,1.5,54.8,55.1,6.5,45.6,<60%,C,Pass
1051,2.0,76.19999999999999,76.4,6.6,60.7,75-90%,B,Pass
1052,0.6,58.6,47.5,6.7,34.7,<60%,F,Fail
1053,6.4,76.19999999999999,31.0,6.2,61.5,75-90%,B,Pass
1054,5.5,78.6,79.3,4.7,74.3,75-90%,A,Pass
1055,5.8,73.3,90.6,4.6,73.4,60-75%,A,Pass
1056,6.4,76.1,55.1,8.8,71.9,75-90%,A,Pass
1057,3.9,88.2,36.8,6.4,54.9,75-90%,C,Pass
1058,4.8,90.0,56.3,8.8,63.2,75-90%,B,Pass
1059,1.5,74.6,56.6,4.8,41.6,60-75%,C,Pass
1060,1.4,80.0,57.7,6.8,43.8,75-90%,C,Pass
1061,5.5,96.6,46.6,5.0,63.2,90-100%,B,Pass
1062,4.0,56.0,67.0,5.3,59.2,<60%,B,Pass
1063,4.7,55.9,66.3,4.2,56.5,<60%,B,Pass
1064,6.2,54.4,42.1,4.6,57.7,<60%,B,Pass
1065,5.3,82.9,68.4,8.6,72.8,75-90%,A,Pass
1066,4.7,70.9,84.6,6.5,71.9,60-75%,A,Pass
1067,4.7,88.7,62.1,7.0,71.6,75-90%,A,Pass
1068,2.8,83.6,56.0,6.3,59.0,75-90%,B,Pass
1069,0.7,66.7,58.3,6.0,39.1,60-75%,F,Fail
1070,3.8,94.9,67.4,6.7,70.9,90-100%,A,Pass
1071,2.1,88.1,39.2,4.9,42.6,75-90%,C,Pass
1072,3.6,63.5,62.0,8.9,62.6,60-75%,B,Pass
1073,6.9,68.2,55.3,8.1,70.3,60-75%,A,Pass
1074,2.3,76.19999999999999,82.2,7.7,57.8,75-90%,B,Pass
1075,0.9,57.9,57.9,6.3,35.5,<60%,F,Fail
1076,2.6,57.4,80.0,4.8,55.7,<60%,B,Pass
1077,2.7,96.8,46.8,8.6,47.9,90-100%,C,Pass
1078,5.5,71.9,67.0,5.7,70.8,60-75%,A,Pass
1079,4.7,69.2,63.8,4.3,67.0,60-75%,B,Pass
1080,6.4,86.5,49.6,5.7,63.6,75-90%,B,Pass
1081,5.5,77.6,62.1,6.5,69.1,75-90%,B,Pass
1082,3.5,96.8,74.6,7.1,63.1,90-100%,B,Pass
1083,6.6,89.0,56.1,7.8,69.4,75-90%,B,Pass
1084,1.8,74.0,39.7,8.0,47.1,60-75%,C,Pass
1085,0.7,68.8,59.8,5.1,43.1,60-75%,C,Pass
1086,1.2,99.3,49.2,8.6,56.0,90-100%,B,Pass
1087,5.9,85.9,55.9,6.2,65.3,75-90%,B,Pass
1088,4.0,97.6,59.0,7.2,66.8,90-100%,B,Pass
1089,1.7,55.9,39.5,4.0,37.9,<60%,F,Fail
1090,4.3,92.5,40.6,9.0,61.5,90-100%,B,Pass
1091,1.6,81.9,65.8,5.4,49.6,75-90%,C,Pass
1092,5.7,76.19999999999999,53.7,4.3,59.4,75-90%,B,Pass
1093,3.8,79.4,29.2,6.3,47.7,75-90%,C,Pass
1094,3.4,84.3,69.4,4.6,56.6,75-90%,B,Pass
1095,2.8,50.6,63.3,4.8,53.0,<60%,C,Pass
1096,5.2,72.7,51.4,7.2,64.1,60-75%,B,Pass
1097,3.2,91.3,44.2,6.0,54.8,90-100%,C,Pass
1098,1.2,64.8,70.0,8.6,57.3,60-75%,B,Pass
1099,1.4,72.9,64.2,5.6,54.6,60-75%,C,Pass
1100,7.7,72.1,88.6,7.6,83.7,60-75%,A,Pass
1101,7.3,65.1,65.0,6.3,74.7,60-75%,A,Pass
1102,5.7,95.9,64.7,7.3,69.3,90-100%,B,Pass
1103,2.5,89.1,58.0,7.0,54.9,75-90%,C,Pass
1104,7.8,55.5,69.8,6.4,73.2,<60%,A,Pass
1105,6.3,99.9,67.5,8.8,83.6,90-100%,A,Pass
1106,5.9,94.0,75.0,5.7,76.1,90-100%,A,Pass
1107,3.9,64.2,53.7,4.9,52.9,60-75%,C,Pass
1108,2.5,91.8,54.8,7.4,59.1,90-100%,B,Pass
1109,1.2,55.3,54.3,8.2,35.2,<60%,F,Fail
1110,7.3,100.0,69.5,4.2,70.3,90-100%,A,Pass
1111,3.9,83.3,78.0,6.2,69.3,75-90%,B,Pass
1112,2.0,82.5,54.5,8.5,51.9,75-90%,C,Pass
1113,2.8,54.5,54.9,7.7,51.3,<60%,C,Pass
1114,4.8,94.9,63.8,9.0,63.6,90-100%,B,Pass
1115,1.8,76.19999999999999,57.1,6.7,45.5,75-90%,C,Pass
1116,6.9,62.0,71.4,7.3,82.1,60-75%,A,Pass
1117,6.2,57.2,33.0,5.5,58.9,<60%,B,Pass
1118,5.9,88.8,50.1,8.7,68.3,75-90%,B,Pass
1119,3.7,59.9,50.6,5.8,50.1,<60%,C,Pass
1120,5.2,95.5,32.2,7.7,57.0,90-100%,B,Pass
1121,4.9,82.8,48.4,6.0,51.2,75-90%,C,Pass
1122,5.4,51.8,49.0,6.8,59.1,<60%,B,Pass
1123,1.1,50.3,57.6,7.6,46.8,<60%,C,Pass
1124,3.6,52.6,73.4,6.5,52.6,<60%,C,Pass
1125,0.8,80.3,57.1,8.5,44.5,75-90%,C,Pass
1126,4.2,90.1,47.6,6.1,53.1,90-100%,C,Pass
1127,3.0,61.9,59.3,7.2,49.5,60-75%,C,Pass
1128,1.6,92.5,72.6,5.7,55.8,90-100%,B,Pass
1129,1.3,52.9,48.3,6.0,31.8,<60%,F,Fail
1130,4.9,90.0,49.1,6.2,63.7,75-90%,B,Pass
1131,1.8,96.4,66.7,4.6,57.1,90-100%,B,Pass
1132,7.4,88.6,57.3,4.5,72.0,75-90%,A,Pass
1133,4.9,84.9,67.8,7.3,58.0,75-90%,B,Pass
1134,3.1,91.9,59.8,7.3,54.6,90-100%,C,Pass
1135,4.9,52.0,68.4,7.3,68.1,<60%,B,Pass
1136,0.7,60.1,47.6,4.1,25.8,60-75%,F,Fail
1137,7.7,56.2,59.9,5.6,69.8,<60%,B,Pass
1138,4.1,75.2,57.5,5.0,52.9,75-90%,C,Pass
1139,6.4,87.3,45.4,7.9,70.4,75-90%,A,Pass
1140,1.1,81.5,41.2,8.3,40.2,75-90%,C,Pass
1141,4.1,92.6,68.2,5.2,65.8,90-100%,B,Pass
1142,4.2,57.8,55.8,7.3,58.9,<60%,B,Pass
1143,7.5,86.7,47.7,4.6,77.2,75-90%,A,Pass
1144,4.8,59.7,58.8,5.4,58.2,<60%,B,Pass
1145,4.1,63.5,73.5,4.7,62.7,60-75%,B,Pass
1146,2.5,85.5,32.6,5.4,38.1,75-90%,F,Fail
1147,3.0,99.0,42.0,7.4,57.8,90-100%,B,Pass
1148,4.4,80.6,48.9,8.6,56.5,75-90%,B,Pass
1149,3.8,52.7,77.5,5.0,57.7,<60%,B,Pass
1150,0.7,80.8,63.4,6.7,47.5,75-90%,C,Pass
1151,6.7,52.1,69.2,7.5,64.9,<60%,B,Pass
1152,7.2,94.2,46.3,8.8,73.5,90-100%,A,Pass
1153,1.6,85.5,46.6,7.1,50.4,75-90%,C,Pass
1154,4.7,58.7,65.4,5.3,61.8,<60%,B,Pass
1155,1.3,54.6,60.7,7.1,39.2,<60%,F,Fail
1156,5.5,59.2,66.6,5.6,64.3,<60%,B,Pass
1157,2.6,99.0,57.7,8.9,61.1,90-100%,B,Pass
1158,5.4,72.9,63.3,6.0,58.1,60-75%,B,Pass
1159,6.0,89.2,61.9,7.4,66.9,75-90%,B,Pass
1160,6.3,81.8,69.3,4.1,74.8,75-90%,A,Pass
1161,1.3,78.6,69.7,6.0,52.5,75-90%,C,Pass
1162,7.4,57.3,40.6,8.4,67.3,<60%,B,Pass
1163,2.2,97.3,33.0,7.1,53.5,90-100%,C,Pass
1164,0.8,65.1,72.0,6.2,50.2,60-75%,C,Pass
1165,4.7,78.9,74.3,8.7,72.2,75-90%,A,Pass
1166,3.3,85.0,47.8,8.3,65.8,75-90%,B,Pass
1167,6.7,82.5,37.7,5.6,62.3,75-90%,B,Pass
1168,6.6,97.0,61.2,6.5,70.9,90-100%,A,Pass
1169,2.9,57.4,71.2,6.4,57.5,<60%,B,Pass
1170,7.6,75.4,81.6,7.2,84.3,75-90%,A,Pass
1171,2.7,70.2,66.2,5.7,52.5,60-75%,C,Pass
1172,4.4,73.7,55.5,5.2,54.0,60-75%,C,Pass
1173,2.4,56.0,49.3,8.6,56.9,<60%,B,Pass
1174,7.5,56.7,60.1,8.6,74.2,<60%,A,Pass
1175,1.7,63.9,56.4,8.2,45.1,60-75%,C,Pass
1176,0.8,65.2,47.8,8.9,45.7,60-75%,C,Pass
1177,3.8,71.4,84.6,7.7,67.0,60-75%,B,Pass
1178,7.9,80.5,81.4,7.8,84.0,75-90%,A,Pass
1179,7.2,81.7,73.6,7.8,81.7,75-90%,A,Pass
1180,6.1,70.6,48.9,6.4,58.3,60-75%,B,Pass
1181,7.2,70.4,70.3,6.3,76.9,60-75%,A,Pass
1182,7.2,60.9,67.7,5.2,79.9,60-75%,A,Pass
1183,4.4,79.4,65.3,7.2,65.9,75-90%,B,Pass
1184,2.9,65.9,75.0,5.4,56.1,60-75%,B,Pass
1185,6.3,51.8,67.6,5.3,65.1,<60%,B,Pass
1186,5.5,70.9,68.9,6.9,66.7,60-75%,B,Pass
1187,3.3,73.7,67.6,6.0,57.4,60-75%,B,Pass
1188,1.2,61.3,64.1,5.1,44.2,60-75%,C,Pass
1189,6.1,78.6,38.6,8.1,66.1,75-90%,B,Pass
1190,2.5,78.3,61.0,8.3,48.3,75-90%,C,Pass
1191,7.5,85.1,53.3,4.8,75.2,75-90%,A,Pass
1192,2.3,82.4,44.6,4.0,44.3,75-90%,C,Pass
1193,1.4,82.6,80.2,5.7,57.4,75-90%,B,Pass
1194,6.7,65.8,80.7,8.0,73.1,60-75%,A,Pass
1195,1.6,89.4,76.3,8.2,63.7,75-90%,B,Pass
1196,1.8,77.5,63.1,4.7,55.0,75-90%,B,Pass
1197,5.0,71.6,76.2,7.9,73.6,60-75%,A,Pass
1198,7.1,81.3,60.1,4.6,65.7,75-90%,B,Pass
1199,2.0,68.0,62.4,6.0,53.6,60-75%,C,Pass
1200,2.8,75.6,46.9,9.0,53.3,75-90%,C,Pass
1201,6.3,86.8,64.8,5.0,64.7,75-90%,B,Pass
1202,7.8,94.3,60.7,4.8,76.9,90-100%,A,Pass
1203,4.3,96.1,44.4,6.1,59.4,90-100%,B,Pass
1204,1.6,75.2,59.4,7.1,51.7,75-90%,C,Pass
1205,0.6,76.0,59.0,8.7,47.2,75-90%,C,Pass
1206,2.2,90.0,81.6,8.9,64.6,75-90%,B,Pass
1207,1.5,65.7,70.7,4.3,55.2,60-75%,B,Pass
1208,5.6,91.9,60.1,4.7,72.0,90-100%,A,Pass
1209,1.4,74.7,63.0,8.0,39.1,60-75%,F,Fail
1210,4.3,55.8,60.5,5.4,55.7,<60%,B,Pass
1211,5.7,76.19999999999999,57.6,8.4,63.2,75-90%,B,Pass
1212,4.9,92.1,47.0,7.3,54.7,90-100%,C,Pass
1213,2.0,52.8,58.2,4.6,45.7,<60%,C,Pass
1214,6.5,76.19999999999999,51.0,8.2,71.3,75-90%,A,Pass
1215,5.9,66.7,45.0,4.9,55.1,60-75%,B,Pass
1216,6.0,58.6,66.1,6.1,68.4,<60%,B,Pass
1217,1.5,65.7,64.7,6.5,45.6,60-75%,C,Pass
1218,1.4,87.1,38.6,6.5,40.0,75-90%,C,Pass
1219,7.5,50.7,58.5,6.5,76.4,<60%,A,Pass
1220,3.5,91.4,71.9,7.3,62.2,90-100%,B,Pass
1221,2.8,92.8,72.7,9.0,65.2,90-100%,B,Pass
1222,4.2,68.6,72.3,9.0,58.0,60-75%,B,Pass
1223,5.5,57.7,60.5,6.6,70.7,<60%,A,Pass
1224,7.7,80.0,49.9,4.5,72.8,75-90%,A,Pass
1225,2.6,76.19999999999999,47.0,7.6,46.1,75-90%,C,Pass
1226,7.4,76.19999999999999,64.1,8.9,78.2,75-90%,A,Pass
1227,0.7,97.9,64.6,5.6,44.1,90-100%,C,Pass
1228,4.7,99.8,75.4,6.3,75.9,90-100%,A,Pass
1229,5.3,88.6,73.2,6.1,69.8,75-90%,B,Pass
1230,1.3,65.5,58.4,4.3,43.3,60-75%,C,Pass
1231,1.6,84.4,45.1,7.4,44.1,75-90%,C,Pass
1232,3.6,85.3,56.2,5.8,54.9,75-90%,C,Pass
1233,7.7,69.4,62.6,7.9,78.8,60-75%,A,Pass
1234,5.0,82.0,57.6,8.2,66.0,75-90%,B,Pass
1235,7.5,50.5,53.1,8.1,71.7,<60%,A,Pass
1236,6.5,60.5,63.0,6.1,68.3,60-75%,B,Pass
1237,4.0,76.3,54.0,5.6,58.7,75-90%,B,Pass
1238,6.4,58.2,52.5,7.7,63.5,<60%,B,Pass
1239,0.6,58.3,63.7,8.0,53.9,<60%,C,Pass
1240,1.3,91.8,55.2,6.5,42.5,90-100%,C,Pass
1241,6.7,99.5,62.9,8.5,81.9,90-100%,A,Pass
1242,6.5,77.8,63.3,4.7,75.4,75-90%,A,Pass
1243,2.2,92.0,46.3,8.4,47.6,90-100%,C,Pass
1244,4.5,99.5,54.2,4.5,70.3,90-100%,A,Pass
1245,5.0,57.1,77.3,4.8,69.4,<60%,B,Pass
1246,7.0,72.4,46.1,6.7,70.6,60-75%,A,Pass
1247,5.0,69.6,34.6,4.3,52.1,60-75%,C,Pass
1248,3.6,54.0,37.7,4.3,44.0,<60%,C,Pass
1249,3.3,87.8,60.3,4.0,55.5,75-90%,B,Pass
1250,3.7,76.19999999999999,60.4,6.2,59.0,75-90%,B,Pass
1251,5.4,73.5,58.6,7.9,71.1,60-75%,A,Pass
1252,7.0,57.5,74.6,4.2,73.2,<60%,A,Pass
1253,3.9,59.0,27.9,7.3,42.2,<60%,C,Pass
1254,2.4,95.4,64.8,8.1,61.8,90-100%,B,Pass
1255,2.3,52.2,78.7,4.8,57.6,<60%,B,Pass
1256,6.1,61.6,46.5,4.7,62.5,60-75%,B,Pass
1257,6.6,64.6,55.4,8.3,71.4,60-75%,A,Pass
1258,1.3,74.5,51.0,8.1,44.9,60-75%,C,Pass
1259,1.0,76.19999999999999,49.3,6.7,40.0,75-90%,C,Pass
1260,5.0,74.7,56.1,8.1,59.8,60-75%,B,Pass
1261,1.6,54.2,77.1,4.5,43.9,<60%,C,Pass
1262,6.7,62.2,82.0,6.0,76.9,60-75%,A,Pass
1263,2.8,92.2,56.0,7.7,56.0,90-100%,B,Pass
1264,1.6,81.9,82.9,6.5,55.5,75-90%,B,Pass
1265,7.4,82.5,60.4,7.8,64.0,75-90%,B,Pass
1266,1.7,83.5,81.0,6.5,53.2,75-90%,C,Pass
1267,2.6,88.1,58.9,7.8,60.5,75-90%,B,Pass
1268,1.7,52.9,61.6,6.3,44.0,<60%,C,Pass
1269,1.4,68.3,64.4,5.8,49.7,60-75%,C,Pass
1270,0.7,77.0,98.1,5.1,52.3,75-90%,C,Pass
1271,0.9,66.9,70.2,5.0,53.1,60-75%,C,Pass
1272,1.8,92.2,51.5,7.8,50.1,90-100%,C,Pass
1273,0.9,74.1,71.6,4.6,49.8,60-75%,C,Pass
1274,4.9,88.4,55.7,4.4,71.2,75-90%,A,Pass
1275,5.6,92.6,54.1,4.9,71.3,90-100%,A,Pass
1276,3.5,75.2,70.9,4.9,58.5,75-90%,B,Pass
1277,2.9,95.5,60.4,8.1,56.8,90-100%,B,Pass
1278,4.3,79.4,63.3,6.0,60.6,75-90%,B,Pass
1279,7.1,92.5,60.2,9.0,79.0,90-100%,A,Pass
1280,6.9,67.0,64.0,4.7,69.8,60-75%,B,Pass
1281,0.8,74.9,65.1,7.3,46.6,60-75%,C,Pass
1282,1.9,76.6,36.8,6.2,48.2,75-90%,C,Pass
1283,2.3,55.2,68.0,6.0,51.1,<60%,C,Pass
1284,2.4,69.9,48.2,8.4,58.4,60-75%,B,Pass
1285,4.8,95.9,42.7,8.9,62.0,90-100%,B,Pass
1286,3.6,81.5,59.3,8.4,67.0,75-90%,B,Pass
1287,0.9,58.9,61.0,6.5,44.4,<60%,C,Pass
1288,3.3,66.9,51.7,5.1,54.9,60-75%,C,Pass
1289,4.4,59.6,70.0,7.3,59.9,<60%,B,Pass
1290,1.3,51.2,43.9,5.4,34.4,<60%,F,Fail
1291,6.8,96.4,55.1,7.7,75.3,90-100%,A,Pass
1292,0.9,72.4,53.0,6.8,47.6,60-75%,C,Pass
1293,7.4,65.4,59.4,6.8,72.3,60-75%,A,Pass
1294,1.2,79.9,63.3,8.1,45.5,75-90%,C,Pass
1295,6.8,50.4,47.9,7.6,58.5,<60%,B,Pass
1296,7.3,63.9,68.7,4.1,66.9,60-75%,B,Pass
1297,7.8,85.2,60.8,4.2,68.1,75-90%,B,Pass
1298,6.5,81.7,37.3,6.5,63.6,75-90%,B,Pass
1299,6.3,99.1,36.5,6.4,68.7,90-100%,B,Pass
1300,5.3,81.0,59.9,5.3,64.6,75-90%,B,Pass
